7104, 416, 2.28
7144, 416, 2.46
7163, 425, 2.58
7175, 416, 2.65
7186, 411, 2.72
7197, 416, 2.75
7209, 416, 2.75
7221, 414, 2.76
7232, 419, 2.76
7243, 418, 2.75
7255, 412, 2.76
7266, 418, 2.77
7277, 416, 2.76
7288, 411, 2.77
7301, 422, 2.76
7312, 423, 2.74
7323, 416, 2.74
7334, 414, 2.76
7346, 416, 2.76
7357, 416, 2.75
7368, 419, 2.76
7380, 421, 2.75
7392, 416, 2.75
7403, 413, 2.77
7414, 415, 2.77
7426, 417, 2.76
7437, 416, 2.77
7448, 419, 2.76
7459, 417, 2.75
7481, 419, 2.74
7492, 418, 2.73
7503, 414, 2.75
7516, 416, 2.77
7527, 416, 2.76
7538, 414, 2.76
7549, 424, 2.75
7561, 417, 2.75
7572, 409, 2.76
7583, 416, 2.77
7595, 422, 2.76
7607, 420, 2.75
7618, 419, 2.75
7629, 416, 2.75
7641, 412, 2.76
7652, 414, 2.77
7663, 421, 2.76
7674, 420, 2.74
7686, 415, 2.75
7698, 415, 2.77
7709, 411, 2.76
7720, 413, 2.77
7732, 423, 2.76
7743, 420, 2.75
7754, 409, 2.76
7766, 417, 2.77
7778, 418, 2.75
7789, 414, 2.76
7800, 422, 2.75
7812, 421, 2.74
7833, 419, 2.74
7844, 417, 2.74
7856, 411, 2.76
7867, 420, 2.76
7878, 423, 2.74
7889, 417, 2.73
7901, 413, 2.75
7912, 416, 2.75
7924, 411, 2.77
7936, 415, 2.77
7947, 427, 2.75
7958, 419, 2.73
7969, 408, 2.76
7981, 413, 2.78
7992, 411, 2.77
8004, 415, 2.77
8015, 428, 2.74
8027, 419, 2.73
8038, 407, 2.76
8049, 415, 2.77
8060, 418, 2.76
8072, 420, 2.75
8083, 421, 2.75
8095, 418, 2.75
8107, 411, 2.75
8144, 416, 2.75
8164, 417, 2.76
8175, 410, 2.77
8186, 410, 2.78
8198, 424, 2.77
8219, 415, 2.75
8230, 413, 2.77
8242, 411, 2.77
8254, 415, 2.77
8265, 422, 2.75
8276, 421, 2.73
8288, 415, 2.74
8299, 417, 2.76
8310, 414, 2.75
8322, 412, 2.75
8333, 421, 2.76
8345, 427, 2.73
8356, 415, 2.73
8368, 409, 2.77
8379, 419, 2.77
8390, 416, 2.75
8401, 417, 2.76
8413, 422, 2.75
8424, 414, 2.75
8436, 409, 2.77
8448, 417, 2.78
8459, 420, 2.75
8470, 416, 2.75
8481, 421, 2.75
8493, 416, 2.75
8504, 411, 2.76
8516, 419, 2.77
8527, 419, 2.75
8539, 415, 2.75
8550, 420, 2.75
8571, 414, 2.75
8583, 416, 2.76
8594, 419, 2.76
8605, 415, 2.75
8616, 420, 2.76
8628, 423, 2.75
8639, 415, 2.75
8650, 410, 2.77
8663, 418, 2.77
8674, 417, 2.75
8685, 420, 2.75
8696, 419, 2.75
8708, 411, 2.76
8719, 409, 2.77
8730, 418, 2.77
8742, 419, 2.75
8754, 416, 2.75
8765, 421, 2.75
8776, 411, 2.76
8787, 409, 2.77
8799, 422, 2.77
8810, 425, 2.73
8821, 416, 2.73
8834, 411, 2.77
8845, 415, 2.77
8856, 417, 2.76
8867, 420, 2.76
8879, 421, 2.75
8890, 413, 2.75
8901, 410, 2.78
8912, 417, 2.76
8934, 419, 2.76
8945, 421, 2.75
8956, 411, 2.76
8969, 406, 2.79
8980, 420, 2.78
8991, 423, 2.75
9003, 416, 2.75
9014, 416, 2.76
9025, 411, 2.77
9036, 408, 2.77
9048, 426, 2.76
9060, 424, 2.73
9071, 413, 2.74
9082, 412, 2.77
9094, 413, 2.77
9105, 417, 2.75
9116, 422, 2.75
9155, 416, 2.75
9175, 420, 2.73
9186, 419, 2.73
9197, 419, 2.75
9208, 412, 2.75
9220, 407, 2.77
9231, 421, 2.77
9242, 426, 2.74
9253, 417, 2.74
9266, 413, 2.77
9277, 413, 2.77
9288, 414, 2.76
9299, 425, 2.73
9321, 417, 2.73
9332, 411, 2.76
9344, 415, 2.77
9355, 416, 2.76
9366, 418, 2.76
9377, 425, 2.74
9389, 415, 2.74
9401, 409, 2.77
9412, 416, 2.78
9423, 417, 2.76
9435, 416, 2.76
9446, 421, 2.75
9457, 415, 2.75
9468, 409, 2.77
9480, 416, 2.77
9492, 419, 2.75
9503, 417, 2.75
9515, 422, 2.75
9526, 417, 2.75
9537, 409, 2.76
9548, 417, 2.77
9560, 425, 2.75
9572, 419, 2.74
9583, 413, 2.76
9594, 417, 2.77
9606, 415, 2.75
9617, 419, 2.76
9628, 418, 2.76
9639, 411, 2.76
9651, 415, 2.75
9672, 412, 2.75
9683, 414, 2.76
9695, 421, 2.75
9707, 416, 2.75
9718, 413, 2.76
9730, 415, 2.77
9741, 417, 2.76
9752, 417, 2.75
9763, 420, 2.75
9775, 415, 2.75
9786, 415, 2.76
9798, 418, 2.76
9809, 419, 2.76
9821, 415, 2.75
9832, 416, 2.77
9843, 423, 2.75
9854, 415, 2.75
9866, 414, 2.77
9877, 420, 2.76
9889, 413, 2.76
9901, 414, 2.77
9912, 419, 2.77
9923, 418, 2.75
9934, 415, 2.76
9946, 416, 2.77
9957, 413, 2.77
9969, 414, 2.77
9980, 424, 2.75
9992, 418, 2.74
10003, 412, 2.74
10024, 419, 2.73
10036, 413, 2.75
10047, 421, 2.75
10058, 417, 2.75
10070, 412, 2.75
10082, 420, 2.75
10093, 420, 2.75
10104, 413, 2.75
10116, 418, 2.76
10155, 422, 2.73
10173, 423, 2.73
10185, 411, 2.75
10196, 417, 2.76
10208, 415, 2.75
10219, 412, 2.77
10230, 424, 2.75
10242, 420, 2.75
10254, 412, 2.75
10265, 414, 2.77
10276, 419, 2.76
10288, 417, 2.75
10299, 418, 2.75
10310, 417, 2.76
10322, 412, 2.76
10334, 411, 2.78
10345, 420, 2.77
10356, 424, 2.74
10368, 411, 2.76
10389, 415, 2.75
10400, 409, 2.77
10412, 417, 2.77
10424, 422, 2.75
10435, 414, 2.75
10446, 416, 2.77
10458, 417, 2.75
10469, 414, 2.75
10480, 415, 2.77
10492, 424, 2.75
10504, 418, 2.74
10515, 414, 2.76
10526, 419, 2.75
10537, 410, 2.76
10549, 417, 2.77
10561, 425, 2.75
10572, 414, 2.75
10584, 409, 2.77
10595, 418, 2.77
10606, 418, 2.75
10617, 415, 2.75
10630, 423, 2.75
10641, 415, 2.75
10652, 412, 2.76
10663, 418, 2.77
10675, 421, 2.75
10686, 420, 2.73
10698, 414, 2.76
10710, 414, 2.75
10730, 417, 2.76
10742, 424, 2.75
10754, 414, 2.75
10765, 411, 2.77
10776, 421, 2.76
10787, 416, 2.75
10800, 415, 2.77
10811, 419, 2.77
10822, 418, 2.75
10833, 412, 2.76
10845, 414, 2.77
10856, 419, 2.75
10868, 414, 2.75
10880, 422, 2.75
10891, 420, 2.74
10902, 410, 2.75
10913, 415, 2.77
10925, 422, 2.75
10937, 418, 2.74
10948, 417, 2.75
10959, 420, 2.75
10971, 412, 2.76
10982, 414, 2.77
10993, 418, 2.77
11005, 415, 2.76
11017, 415, 2.76
11028, 417, 2.77
11039, 416, 2.75
11061, 417, 2.75
11072, 416, 2.74
11083, 413, 2.75
11095, 418, 2.76
11106, 418, 2.75
11118, 413, 2.75
11156, 413, 2.75
11175, 419, 2.75
11187, 415, 2.75
11198, 416, 2.76
11210, 419, 2.76
11222, 414, 2.75
11233, 414, 2.77
11244, 419, 2.77
11255, 419, 2.75
11267, 413, 2.75
11279, 415, 2.77
11290, 416, 2.76
11301, 419, 2.75
11313, 424, 2.75
11324, 417, 2.74
11335, 410, 2.75
11347, 412, 2.77
11359, 421, 2.76
11370, 420, 2.74
11381, 420, 2.75
11393, 417, 2.75
11404, 409, 2.77
11416, 423, 2.74
11437, 418, 2.73
11448, 419, 2.74
11460, 418, 2.75
11471, 409, 2.76
11483, 415, 2.77
11494, 422, 2.75
11505, 416, 2.75
11516, 412, 2.76
11529, 423, 2.75
11540, 420, 2.73
11551, 413, 2.74
11563, 418, 2.76
11574, 420, 2.75
11586, 415, 2.75
11597, 417, 2.76
11609, 422, 2.75
11620, 415, 2.75
11631, 414, 2.76
11642, 417, 2.77
11655, 416, 2.75
11666, 415, 2.76
11677, 419, 2.76
11688, 418, 2.75
11700, 409, 2.76
11711, 416, 2.77
11723, 421, 2.75
11735, 419, 2.74
11746, 422, 2.75
11767, 406, 2.76
11779, 418, 2.77
11790, 424, 2.75
11801, 418, 2.74
11812, 420, 2.75
11824, 416, 2.75
11836, 408, 2.77
11847, 415, 2.77
11858, 426, 2.75
11870, 418, 2.73
11881, 412, 2.76
11892, 414, 2.77
11905, 415, 2.76
11916, 414, 2.77
11927, 423, 2.75
11938, 419, 2.74
11950, 409, 2.76
11961, 419, 2.77
11973, 421, 2.75
11984, 414, 2.75
11996, 418, 2.76
12007, 421, 2.75
12018, 413, 2.75
12029, 413, 2.77
12042, 422, 2.76
12053, 416, 2.75
12064, 415, 2.77
12076, 417, 2.77
12087, 416, 2.76
12108, 422, 2.75
12120, 418, 2.74
12158, 417, 2.73
12178, 422, 2.74
12189, 418, 2.73
12200, 412, 2.75
12212, 412, 2.77
12223, 419, 2.76
12234, 420, 2.75
12247, 420, 2.75
12258, 420, 2.75
12269, 407, 2.76
12280, 410, 2.78
12292, 424, 2.77
12303, 420, 2.74
12315, 412, 2.76
12326, 417, 2.77
12338, 417, 2.75
12349, 411, 2.77
12360, 422, 2.76
12371, 421, 2.75
12384, 413, 2.75
12395, 416, 2.77
12406, 421, 2.75
12418, 418, 2.74
12429, 416, 2.76
12440, 416, 2.76
12452, 411, 2.75
12473, 424, 2.74
12485, 419, 2.73
12496, 412, 2.76
12508, 416, 2.77
12519, 414, 2.76
12530, 416, 2.77
12541, 418, 2.77
12554, 415, 2.75
12565, 415, 2.76
12576, 417, 2.77
12588, 419, 2.75
12599, 413, 2.75
12610, 416, 2.77
12622, 418, 2.75
12634, 415, 2.75
12645, 419, 2.76
12656, 421, 2.75
12667, 417, 2.75
12679, 414, 2.76
12691, 418, 2.77
12702, 414, 2.76
12713, 418, 2.77
12725, 418, 2.77
12736, 410, 2.77
12747, 414, 2.77
12760, 422, 2.76
12771, 420, 2.74
12782, 411, 2.75
12804, 413, 2.75
12815, 414, 2.76
12826, 423, 2.75
12837, 425, 2.73
12849, 413, 2.74
12861, 410, 2.77
12872, 414, 2.77
12883, 418, 2.76
12895, 424, 2.75
12906, 423, 2.73
12917, 410, 2.75
12930, 407, 2.79
12941, 419, 2.77
12952, 420, 2.75
12963, 417, 2.75
12975, 417, 2.76
12986, 412, 2.76
12998, 414, 2.76
13009, 419, 2.76
13021, 418, 2.75
13032, 417, 2.75
13043, 417, 2.76
13054, 417, 2.76
13067, 414, 2.76
13078, 419, 2.77
13089, 423, 2.75
13101, 414, 2.75
13112, 414, 2.77
13123, 418, 2.76
13172, 411, 2.76
13191, 419, 2.77
13203, 416, 2.75
13214, 415, 2.75
13225, 420, 2.75
13237, 414, 2.75
13248, 408, 2.77
13259, 422, 2.77
13272, 425, 2.73
13283, 413, 2.74
13294, 412, 2.77
13305, 419, 2.76
13317, 416, 2.75
13328, 417, 2.76
13340, 422, 2.75
13351, 412, 2.75
13363, 413, 2.77
13374, 418, 2.77
13385, 419, 2.75
13396, 415, 2.76
13409, 418, 2.76
13420, 415, 2.76
13431, 409, 2.77
13443, 422, 2.77
13454, 421, 2.75
13466, 417, 2.74
13477, 416, 2.76
13489, 416, 2.76
13510, 421, 2.74
13521, 425, 2.73
13533, 416, 2.73
13544, 414, 2.76
13555, 416, 2.76
13566, 413, 2.76
13579, 419, 2.76
13590, 424, 2.75
13601, 412, 2.75
13613, 408, 2.77
13624, 418, 2.77
13635, 416, 2.75
13647, 414, 2.76
13659, 422, 2.75
13670, 417, 2.75
13681, 410, 2.77
13692, 421, 2.77
13704, 423, 2.75
13716, 413, 2.75
13727, 414, 2.77
13739, 423, 2.75
13750, 417, 2.75
13761, 413, 2.77
13772, 420, 2.77
13785, 416, 2.75
13796, 411, 2.77
13807, 418, 2.77
13818, 417, 2.75
13830, 419, 2.75
13851, 414, 2.75
13862, 416, 2.76
13874, 415, 2.77
13886, 418, 2.76
13897, 418, 2.75
13908, 419, 2.76
13920, 418, 2.75
13931, 414, 2.75
13942, 417, 2.77
13955, 419, 2.75
13966, 417, 2.75
13977, 417, 2.75
13988, 419, 2.75
14000, 412, 2.76
14011, 414, 2.77
14023, 422, 2.76
14034, 417, 2.75
14046, 413, 2.76
14057, 416, 2.77
14068, 417, 2.75
14080, 413, 2.77
14092, 419, 2.76
14103, 420, 2.75
14114, 415, 2.75
14126, 417, 2.76
14137, 417, 2.76
14176, 415, 2.73
14195, 411, 2.77
14216, 420, 2.75
14228, 416, 2.75
14239, 417, 2.76
14251, 416, 2.75
14262, 410, 2.77
14273, 419, 2.77
14284, 418, 2.75
14297, 414, 2.75
14308, 417, 2.76
14319, 416, 2.75
14330, 414, 2.76
14342, 421, 2.76
14353, 419, 2.75
14365, 415, 2.75
14376, 417, 2.76
14388, 417, 2.76
14399, 415, 2.75
14410, 417, 2.76
14422, 419, 2.76
14434, 414, 2.75
14445, 413, 2.77
14456, 420, 2.76
14468, 419, 2.74
14479, 413, 2.75
14490, 416, 2.77
14502, 417, 2.76
14514, 415, 2.76
14525, 422, 2.75
14536, 412, 2.76
14558, 416, 2.77
14569, 417, 2.76
14580, 416, 2.75
14592, 422, 2.75
14604, 419, 2.75
14615, 413, 2.75
14626, 413, 2.77
14638, 421, 2.75
14649, 417, 2.75
14660, 415, 2.76
14672, 417, 2.76
14684, 415, 2.75
14695, 414, 2.76
14706, 416, 2.77
14717, 418, 2.75
14729, 417, 2.75
14741, 419, 2.76
14752, 417, 2.75
14764, 411, 2.76
14775, 419, 2.76
14786, 422, 2.75
14797, 417, 2.74
14810, 415, 2.76
14821, 416, 2.76
14832, 414, 2.76
14843, 417, 2.77
14855, 420, 2.76
14866, 414, 2.76
14887, 420, 2.75
14899, 412, 2.75
14910, 418, 2.76
14922, 423, 2.75
14934, 412, 2.75
14945, 408, 2.78
14956, 419, 2.78
14967, 428, 2.74
14979, 415, 2.75
14991, 414, 2.76
15002, 414, 2.77
15013, 413, 2.77
15025, 424, 2.75
15036, 424, 2.73
15048, 415, 2.73
15059, 410, 2.77
15071, 417, 2.77
15082, 415, 2.76
15093, 418, 2.76
15105, 424, 2.75
15117, 414, 2.75
15128, 409, 2.77
15139, 417, 2.78
15178, 416, 2.75
15197, 413, 2.75
15208, 419, 2.76
15220, 421, 2.75
15232, 416, 2.75
15243, 417, 2.74
15264, 413, 2.75
15276, 417, 2.76
15287, 425, 2.74
15298, 416, 2.75
15309, 409, 2.77
15321, 418, 2.77
15333, 420, 2.75
15344, 416, 2.75
15355, 419, 2.75
15367, 414, 2.75
15378, 407, 2.77
15389, 419, 2.77
15401, 425, 2.74
15413, 415, 2.74
15424, 416, 2.75
15435, 420, 2.75
15447, 411, 2.76
15458, 414, 2.77
15470, 426, 2.75
15481, 418, 2.74
15493, 412, 2.77
15504, 415, 2.77
15515, 414, 2.77
15527, 415, 2.76
15539, 422, 2.75
15550, 417, 2.74
15561, 408, 2.77
15572, 413, 2.74
15607, 419, 2.75
15619, 419, 2.75
15630, 413, 2.75
15642, 454, 2.66
15653, 498, 2.51
15665, 523, 2.37
15676, 498, 2.34
15687, 481, 2.36
15698, 468, 2.39
15711, 448, 2.46
15722, 461, 2.49
15733, 453, 2.51
15745, 440, 2.55
15756, 445, 2.58
15767, 451, 2.57
15779, 448, 2.56
15791, 473, 2.52
15802, 516, 2.40
15813, 596, 2.18
15824, 662, 1.98
15836, 686, 1.84
15848, 681, 1.76
15859, 679, 1.73
15870, 691, 1.70
15882, 692, 1.68
15893, 692, 1.68
15904, 662, 1.70
15917, 589, 1.79
16002, 233, 2.36
16013, 231, 3.03
16024, 243, 3.65
16035, 262, 3.98
16047, 275, 4.08
16059, 294, 4.02
16070, 321, 3.83
16081, 334, 3.62
16093, 356, 3.44
16104, 374, 3.27
16115, 381, 3.14
16128, 390, 3.04
16139, 411, 2.93
16150, 434, 2.80
16218, 510, 2.54
16236, 531, 2.37
16247, 557, 2.23
16260, 576, 2.13
16271, 584, 2.06
16282, 570, 2.03
16293, 530, 2.08
16305, 485, 2.19
16316, 429, 2.36
16328, 363, 2.64
16339, 313, 3.00
16351, 276, 3.39
16362, 248, 3.79
16373, 241, 4.17
16385, 246, 4.25
16406, 266, 4.28
16417, 288, 4.14
16430, 309, 3.91
16441, 327, 3.73
16452, 350, 3.52
16463, 370, 3.31
16475, 391, 3.15
16486, 415, 2.98
16498, 433, 2.82
16509, 443, 2.71
16521, 460, 2.63
16532, 474, 2.53
16543, 478, 2.48
16555, 485, 2.43
16567, 489, 2.40
16578, 492, 2.37
16589, 502, 2.34
16601, 498, 2.33
16612, 499, 2.31
16623, 514, 2.29
16635, 569, 2.19
16647, 621, 2.04
16658, 654, 1.92
16669, 645, 1.86
16680, 617, 1.85
16692, 603, 1.87
16704, 588, 1.91
16715, 557, 1.97
16736, 448, 2.17
16748, 375, 2.46
16759, 316, 2.84
16771, 278, 3.29
16782, 248, 3.74
16793, 227, 4.19
16804, 224, 4.52
16817, 221, 4.71
16828, 227, 4.77
16839, 248, 4.69
16850, 263, 4.49
16862, 267, 4.33
16873, 281, 4.20
16885, 310, 3.95
16897, 337, 3.68
16908, 356, 3.47
16919, 374, 3.28
16930, 386, 3.12
16942, 403, 3.00
16954, 426, 2.87
16965, 444, 2.73
16976, 457, 2.63
16988, 474, 2.55
16999, 478, 2.48
17010, 478, 2.44
17022, 497, 2.40
17034, 516, 2.33
17045, 521, 2.27
17056, 551, 2.20
17078, 554, 2.14
17089, 614, 2.03
17100, 640, 1.93
17112, 663, 1.84
17123, 672, 1.79
17135, 666, 1.76
17146, 636, 1.77
17158, 609, 1.82
17197, 421, 2.09
17215, 356, 2.44
17226, 293, 2.91
17239, 261, 3.42
17250, 237, 3.90
17261, 219, 4.33
17272, 209, 4.73
17284, 200, 5.03
17296, 187, 5.29
17307, 194, 5.44
17318, 216, 5.31
17330, 225, 5.10
17341, 233, 4.94
17352, 252, 4.73
17363, 273, 4.42
17376, 298, 4.13
17387, 327, 3.84
17398, 346, 3.58
17410, 346, 3.42
17421, 358, 3.32
17442, 378, 3.16
17454, 402, 3.04
17465, 419, 2.90
17477, 433, 2.78
17488, 461, 2.66
17500, 503, 2.50
17511, 539, 2.33
17522, 618, 2.12
17533, 681, 1.93
17546, 735, 1.75
17557, 754, 1.65
17568, 768, 1.58
17580, 753, 1.55
17591, 713, 1.57
17602, 691, 1.61
17614, 655, 1.67
17626, 637, 1.72
17637, 633, 1.77
17648, 628, 1.80
17659, 605, 1.84
17671, 587, 1.90
17683, 563, 1.96
17694, 514, 2.06
17705, 461, 2.23
17717, 407, 2.45
17728, 346, 2.75
17739, 287, 3.16
17752, 238, 3.69
17763, 152, 4.51
17783, 126, 5.52
17796, 109, 6.47
17807, 124, 7.08
17818, 154, 7.04
17829, 185, 6.44
17841, 215, 5.78
17852, 245, 5.19
17864, 285, 4.54
17875, 315, 4.08
17887, 339, 3.74
17898, 364, 3.44
17909, 395, 3.18
17921, 436, 2.93
17933, 462, 2.73
17944, 475, 2.58
17955, 490, 2.48
17967, 535, 2.34
17978, 572, 2.19
17989, 594, 2.08
18001, 613, 1.99
18013, 621, 1.92
18024, 672, 1.83
18035, 690, 1.76
18046, 710, 1.70
18058, 698, 1.67
18070, 685, 1.67
18081, 678, 1.68
18093, 678, 1.69
18114, 665, 1.71
18125, 631, 1.75
18137, 605, 1.82
18148, 568, 1.90
18159, 526, 2.01
18198, 271, 2.52
18217, 208, 3.26
18229, 151, 4.23
18240, 114, 5.44
18251, 84, 6.87
18263, 54, 8.47
18274, 43, 10.24
18286, 57, 11.38
18297, 80, 10.83
18309, 106, 9.88
18320, 135, 8.73
18331, 156, 7.61
18342, 180, 6.74
18355, 215, 5.96
18366, 253, 5.17
18377, 280, 4.56
18388, 305, 4.17
18400, 326, 3.86
18411, 334, 3.62
18423, 354, 3.44
18435, 392, 3.21
18446, 425, 2.96
18457, 464, 2.74
18468, 562, 2.40
18490, 613, 2.15
18501, 646, 1.98
18512, 660, 1.86
18524, 693, 1.77
18536, 717, 1.70
18547, 741, 1.63
18558, 730, 1.60
18570, 737, 1.59
18581, 762, 1.55
18592, 747, 1.55
18605, 734, 1.56
18616, 706, 1.58
18627, 688, 1.62
18638, 669, 1.66
18650, 647, 1.71
18662, 622, 1.77
18673, 609, 1.83
18684, 600, 1.87
18696, 565, 1.94
18707, 530, 2.03
18718, 491, 2.16
18731, 435, 2.33
18742, 372, 2.60
18753, 318, 2.96
18764, 253, 3.43
18776, 186, 4.14
18787, 135, 5.14
18799, 92, 6.40
18820, 59, 7.77
18831, 57, 9.23
18842, 58, 10.24
18854, 77, 10.63
18866, 95, 10.06
18877, 99, 9.39
18888, 110, 9.01
18899, 141, 8.16
18911, 160, 7.27
18923, 179, 6.63
18934, 207, 5.99
18946, 235, 5.31
18957, 259, 4.81
18968, 294, 4.37
18979, 319, 3.97
18992, 338, 3.67
19003, 374, 3.39
19014, 419, 3.08
19025, 473, 2.77
19037, 514, 2.53
19048, 527, 2.36
19060, 539, 2.25
19072, 572, 2.15
19083, 635, 2.00
19094, 671, 1.87
19105, 678, 1.79
19117, 688, 1.74
19129, 705, 1.69
19140, 726, 1.65
19161, 714, 1.63
19200, 690, 1.65
19219, 693, 1.66
19230, 684, 1.67
19241, 661, 1.70
19253, 631, 1.75
19264, 582, 1.84
19276, 495, 2.00
19288, 389, 2.31
19299, 277, 2.83
19310, 183, 3.63
19321, 129, 4.73
19333, 96, 6.09
19344, 55, 7.77
19356, 20, 10.24
19367, 8, 13.41
19379, 8, 15.64
19390, 11, 17.07
19401, 34, 16.56
19412, 62, 14.08
19425, 90, 11.73
19436, 138, 9.39
19447, 190, 7.36
19459, 236, 5.90
19470, 274, 4.98
19481, 291, 4.42
19493, 302, 4.07
19505, 323, 3.81
19525, 373, 3.41
19537, 395, 3.17
19549, 420, 2.97
19560, 433, 2.81
19571, 465, 2.66
19582, 527, 2.45
19594, 545, 2.28
19606, 556, 2.18
19617, 579, 2.10
19629, 610, 2.00
19640, 671, 1.88
19651, 735, 1.74
19662, 734, 1.66
19675, 709, 1.63
19686, 688, 1.65
19697, 690, 1.66
19708, 692, 1.66
19720, 664, 1.69
19731, 652, 1.72
19743, 619, 1.78
19755, 581, 1.86
19766, 544, 1.97
19777, 487, 2.11
19788, 411, 2.35
19800, 325, 2.73
19812, 248, 3.27
19823, 187, 4.04
19834, 150, 4.96
19846, 111, 6.16
19867, 62, 7.88
19878, 71, 9.01
19890, 92, 9.31
19901, 131, 8.66
19912, 155, 7.66
19923, 175, 6.83
19936, 218, 5.96
19947, 254, 5.14
19958, 276, 4.58
19970, 306, 4.16
19981, 346, 3.73
19993, 375, 3.38
20004, 414, 3.09
20016, 449, 2.84
20027, 465, 2.66
20038, 488, 2.51
20049, 510, 2.40
20062, 522, 2.31
20073, 519, 2.26
20084, 519, 2.24
20096, 511, 2.24
20107, 490, 2.28
20118, 509, 2.28
20130, 542, 2.23
20142, 534, 2.19
20153, 521, 2.20
20164, 505, 2.23
20203, 394, 2.44
20232, 352, 2.72
20243, 324, 3.01
20254, 303, 3.30
20265, 294, 3.55
20278, 284, 3.72
20289, 279, 3.86
20300, 301, 3.84
20312, 320, 3.71
20323, 334, 3.56
20334, 370, 3.37
20346, 408, 3.11
20358, 435, 2.89
20369, 457, 2.73
20380, 473, 2.60
20391, 482, 2.49
20403, 504, 2.40
20415, 535, 2.29
20426, 563, 2.18
20438, 597, 2.07
20449, 628, 1.97
20460, 642, 1.89
20471, 639, 1.85
20484, 648, 1.82
20495, 654, 1.79
20506, 643, 1.79
20517, 638, 1.80
20529, 606, 1.83
20540, 548, 1.93
20552, 480, 2.20
20573, 340, 2.57
20584, 293, 3.02
20596, 261, 3.50
20608, 233, 3.97
20619, 217, 4.43
20630, 211, 4.77
20641, 201, 5.01
20653, 201, 5.19
20665, 217, 5.14
20676, 244, 4.88
20687, 272, 4.54
20699, 301, 4.19
20710, 340, 3.77
20721, 371, 3.43
20733, 409, 3.14
20745, 434, 2.90
20756, 441, 2.75
20767, 465, 2.63
20779, 512, 2.46
20791, 540, 2.31
20802, 559, 2.20
20813, 573, 2.12
20825, 578, 2.06
20836, 583, 2.02
20847, 597, 1.99
20858, 566, 2.00
20871, 523, 2.07
20882, 462, 2.23
20902, 354, 2.54
20915, 315, 2.93
20926, 273, 3.34
20937, 236, 3.83
20948, 218, 4.32
20960, 214, 4.64
20971, 220, 4.81
20983, 237, 4.79
20995, 255, 4.62
21006, 269, 4.40
21017, 298, 4.14
21028, 326, 3.83
21040, 358, 3.52
21052, 395, 3.25
21063, 431, 2.97
21074, 450, 2.77
21086, 478, 2.61
21097, 512, 2.44
21109, 533, 2.31
21121, 544, 2.21
21132, 562, 2.15
21143, 560, 2.10
21154, 568, 2.07
21166, 549, 2.08
21204, 392, 2.33
21224, 348, 2.64
21235, 318, 3.00
21246, 305, 3.30
21258, 292, 3.52
21279, 295, 3.68
21291, 294, 3.74
21302, 299, 3.78
21313, 314, 3.73
21325, 320, 3.63
21337, 340, 3.53
21348, 363, 3.37
21359, 374, 3.22
21370, 392, 3.09
21382, 426, 2.92
21394, 456, 2.73
21405, 491, 2.55
21416, 532, 2.38
21428, 562, 2.23
21439, 578, 2.11
21450, 590, 2.04
21463, 609, 1.98
21474, 636, 1.90
21485, 640, 1.86
21496, 626, 1.85
21508, 576, 1.90
21519, 517, 2.02
21531, 447, 2.22
21542, 368, 2.51
21554, 313, 2.90
21565, 286, 3.31
21576, 260, 3.68
21587, 244, 4.04
21609, 245, 4.22
21620, 250, 4.33
21632, 269, 4.30
21644, 282, 4.16
21655, 299, 3.98
21666, 337, 3.72
21678, 362, 3.44
21689, 380, 3.23
21700, 411, 3.04
21712, 440, 2.84
21724, 458, 2.68
21735, 483, 2.55
21746, 534, 2.38
21757, 568, 2.21
21769, 595, 2.09
21781, 608, 2.00
21792, 595, 1.96
21804, 588, 1.96
21815, 577, 1.98
21826, 547, 2.02
21837, 490, 2.14
21850, 438, 2.32
21861, 380, 2.57
21872, 328, 2.88
21883, 291, 3.26
21895, 262, 3.66
21906, 230, 4.08
21918, 211, 4.52
21929, 220, 4.67
21950, 233, 4.75
21962, 253, 4.64
21974, 271, 4.40
21985, 308, 4.08
21996, 353, 3.69
22007, 380, 3.35
22019, 406, 3.10
22031, 448, 2.86
22042, 475, 2.64
22053, 500, 2.48
22065, 531, 2.34
22076, 553, 2.22
22087, 564, 2.14
22099, 569, 2.09
22111, 563, 2.07
22122, 568, 2.04
22133, 577, 2.03
22145, 582, 2.02
22156, 558, 2.03
22168, 516, 2.11
22206, 297, 2.55
22225, 269, 3.06
22237, 247, 3.60
22248, 252, 3.98
22259, 262, 4.16
22272, 274, 4.16
22283, 293, 4.07
22294, 310, 3.88
22316, 353, 3.56
22327, 375, 3.31
22338, 389, 3.13
22349, 416, 2.97
22361, 446, 2.80
22372, 469, 2.63
22384, 482, 2.53
22395, 495, 2.44
22407, 496, 2.37
22418, 522, 2.30
22429, 550, 2.22
22440, 576, 2.12
22453, 577, 2.06
22464, 569, 2.05
22475, 538, 2.07
22487, 493, 2.17
22498, 450, 2.32
22509, 384, 2.55
22521, 309, 2.92
22533, 266, 3.38
22544, 242, 3.83
22555, 237, 4.17
22566, 243, 4.40
22579, 257, 4.40
22590, 268, 4.30
22601, 288, 4.16
22612, 316, 3.91
22624, 345, 3.61
22635, 433, 3.15
22657, 480, 2.77
22668, 535, 2.48
22679, 607, 2.20
22691, 703, 1.92
22703, 762, 1.72
22714, 776, 1.61
22725, 742, 1.57
22736, 666, 1.62
22748, 567, 1.76
22760, 421, 2.05
22771, 275, 2.58
22782, 180, 3.44
22794, 148, 4.45
22805, 172, 5.14
22816, 263, 4.90
22829, 407, 3.83
22840, 544, 2.88
22851, 639, 2.31
22862, 685, 1.99
22874, 683, 1.83
22885, 607, 1.83
22897, 471, 2.03
22908, 281, 2.51
22920, 148, 3.43
22931, 121, 4.64
22942, 210, 5.05
22953, 325, 4.38
22966, 472, 2.95
22986, 658, 2.29
22998, 665, 2.00
23010, 564, 1.98
23021, 344, 2.31
23032, 136, 3.21
23044, 15, 4.96
23055, 0, 7.72
23066, 83, 9.23
23077, 243, 6.87
23090, 476, 3.99
23101, 722, 2.49
23112, 887, 1.80
23123, 887, 1.53
23135, 729, 1.51
23146, 416, 1.81
23158, 182, 2.51
23170, 20, 3.98
23207, 488, 3.27
23227, 723, 2.35
23238, 848, 1.81
23249, 860, 1.57
23262, 725, 1.55
23273, 492, 1.76
23284, 242, 2.33
23296, 116, 3.38
23307, 114, 4.64
23318, 188, 5.26
23330, 368, 4.27
23342, 782, 2.46
23363, 879, 1.81
23374, 851, 1.56
23386, 649, 1.60
23397, 378, 1.94
23408, 177, 2.68
23419, 88, 3.92
23431, 112, 5.31
23443, 220, 5.44
23454, 384, 4.17
23465, 588, 2.90
23477, 745, 2.13
23488, 775, 1.79
23499, 676, 1.72
23512, 466, 1.93
23523, 208, 2.56
23534, 78, 3.75
23545, 72, 5.36
23557, 154, 6.09
23568, 333, 4.77
23580, 576, 3.11
23591, 793, 2.13
23603, 893, 1.66
23614, 862, 1.49
23625, 662, 1.55
23636, 353, 1.92
23649, 124, 2.80
23660, 6, 4.51
23671, 9, 7.04
23683, 314, 5.36
23704, 538, 3.40
23715, 734, 2.32
23727, 830, 1.81
23738, 794, 1.61
23749, 607, 1.68
23760, 320, 2.10
23773, 101, 3.06
23784, 11, 4.83
23795, 50, 7.00
23806, 224, 6.29
23818, 453, 4.05
23829, 674, 2.63
23841, 788, 1.96
23853, 804, 1.68
23864, 693, 1.64
23875, 455, 1.88
23886, 148, 2.63
23898, 0, 4.27
23910, 0, 6.91
23921, 74, 8.66
23932, 266, 6.44
23944, 514, 3.75
23955, 719, 2.42
23966, 836, 1.84
23977, 839, 1.59
23990, 681, 1.59
24001, 393, 1.91
24012, 136, 2.73
24034, 0, 4.38
24045, 117, 5.81
24056, 307, 4.94
24068, 532, 3.32
24079, 717, 2.33
24090, 821, 1.82
24102, 789, 1.62
24114, 583, 1.71
24125, 292, 2.17
24136, 72, 3.25
24147, 0, 5.26
24159, 50, 7.51
24170, 193, 7.00
24209, 853, 2.66
24228, 797, 1.96
24240, 573, 1.91
24251, 273, 2.36
24262, 73, 3.47
24273, 0, 5.49
24285, 46, 7.72
24297, 219, 6.83
24308, 427, 4.33
24320, 626, 2.80
24331, 770, 2.06
24342, 819, 1.71
24353, 735, 1.62
24366, 498, 1.81
24377, 214, 2.42
24388, 27, 3.78
24410, 56, 5.49
24421, 253, 5.29
24432, 484, 3.67
24443, 696, 2.48
24455, 818, 1.88
24466, 847, 1.60
24478, 770, 1.53
24489, 543, 1.69
24501, 251, 2.23
24512, 65, 3.39
24523, 15, 5.31
24535, 88, 6.95
24546, 272, 5.78
24558, 474, 3.79
24569, 633, 2.63
24581, 748, 2.03
24592, 769, 1.75
24603, 672, 1.70
24614, 461, 1.92
24627, 230, 2.53
24638, 57, 3.79
24649, 28, 5.78
24660, 129, 6.87
24672, 316, 5.21
24683, 525, 3.39
24695, 703, 2.37
24707, 800, 1.85
24718, 791, 1.64
24729, 660, 1.65
24751, 185, 2.25
24762, 31, 3.52
24773, 6, 5.63
24784, 101, 7.13
24796, 302, 5.55
24807, 524, 3.50
24819, 713, 2.37
24830, 853, 1.80
24842, 886, 1.53
24853, 770, 1.49
24864, 522, 1.68
24876, 219, 2.28
24888, 18, 3.62
24899, 0, 5.93
24910, 49, 8.34
24922, 250, 6.51
24933, 484, 3.92
24944, 696, 2.54
24955, 838, 1.87
24968, 876, 1.57
24979, 782, 1.50
24990, 553, 1.66
25001, 267, 2.17
25013, 82, 3.26
25024, 20, 5.12
25036, 108, 6.51
25048, 308, 5.26
25059, 549, 3.34
25070, 731, 2.29
25092, 847, 1.78
25103, 718, 1.66
25114, 451, 1.89
25125, 146, 2.65
25137, 0, 4.27
25149, 0, 6.91
25160, 0, 10.73
25171, 189, 8.41
25209, 836, 2.78
25229, 781, 2.01
25240, 556, 1.96
25251, 226, 2.49
25264, 0, 3.94
25275, 0, 6.33
25286, 0, 9.79
25297, 102, 10.15
25309, 348, 5.75
25320, 585, 3.26
25331, 804, 2.14
25344, 913, 1.65
25355, 875, 1.47
25366, 635, 1.55
25377, 273, 2.03
25389, 0, 3.26
25400, 0, 5.39
25412, 0, 8.80
25423, 84, 9.97
25435, 309, 6.16
25446, 582, 3.39
25457, 948, 1.97
25479, 956, 1.54
25490, 775, 1.48
25501, 411, 1.76
25512, 88, 2.63
25524, 0, 4.32
25536, 0, 7.00
25547, 23, 10.15
25559, 234, 7.46
25570, 441, 4.33
25581, 619, 2.82
25592, 744, 2.10
25604, 779, 1.76
25616, 704, 1.68
25627, 541, 1.81
25638, 335, 2.20
25650, 192, 2.95
25661, 119, 4.13
25672, 88, 5.55
25684, 105, 6.74
25696, 154, 7.00
25707, 207, 6.26
25718, 241, 5.42
25730, 269, 4.83
25741, 297, 4.33
25753, 315, 3.94
25764, 362, 3.58
25776, 408, 3.22
25787, 454, 2.88
25808, 444, 2.73
25820, 420, 2.70
25831, 408, 2.74
25842, 418, 2.75
25853, 418, 2.74
25866, 431, 2.71
25877, 443, 2.68
25888, 446, 2.63
25900, 452, 2.59
25911, 475, 2.53
25922, 490, 2.45
25934, 489, 2.40
25946, 496, 2.37
25957, 504, 2.34
25968, 511, 2.30
25979, 518, 2.27
25991, 527, 2.24
26003, 509, 2.24
26014, 496, 2.28
26025, 501, 2.29
26037, 501, 2.29
26048, 513, 2.28
26059, 541, 2.23
26072, 552, 2.16
26083, 556, 2.12
26094, 559, 2.10
26105, 552, 2.09
26117, 549, 2.09
26128, 550, 2.10
26149, 539, 2.11
26161, 543, 2.12
26172, 541, 2.13
26211, 481, 2.22
26230, 457, 2.34
26242, 441, 2.45
26253, 421, 2.56
26264, 430, 2.62
26275, 440, 2.63
26288, 442, 2.62
26299, 438, 2.63
26310, 444, 2.62
26321, 449, 2.59
26333, 459, 2.55
26345, 489, 2.48
26356, 529, 2.35
26368, 569, 2.20
26379, 553, 2.15
26390, 521, 2.16
26401, 482, 2.23
26414, 443, 2.37
26425, 396, 2.57
26436, 337, 2.85
26447, 287, 3.25
26459, 249, 3.72
26470, 214, 4.22
26482, 184, 4.79
26493, 183, 5.26
26514, 200, 5.24
26526, 221, 5.17
26537, 248, 4.86
26549, 263, 4.56
26560, 287, 4.28
26571, 316, 3.95
26583, 325, 3.72
26595, 334, 3.59
26606, 335, 3.50
26617, 331, 3.46
26629, 327, 3.47
26640, 326, 3.48
26651, 305, 3.54
26663, 296, 3.66
26675, 313, 3.67
26686, 331, 3.56
26697, 342, 3.46
26708, 355, 3.36
26720, 373, 3.22
26732, 364, 3.17
26743, 354, 3.20
26755, 342, 3.25
26766, 335, 3.29
26777, 343, 3.33
26788, 345, 3.32
26801, 335, 3.33
26812, 338, 3.36
26823, 355, 3.31
26834, 380, 3.18
26856, 393, 3.07
26867, 401, 2.96
26878, 411, 2.90
26890, 425, 2.82
26902, 431, 2.74
26913, 447, 2.67
26925, 467, 2.60
26936, 469, 2.52
26947, 475, 2.48
26958, 494, 2.42
26971, 501, 2.36
26982, 507, 2.32
26993, 516, 2.29
27004, 529, 2.24
27016, 534, 2.20
27027, 541, 2.17
27039, 551, 2.14
27051, 553, 2.11
27062, 588, 2.06
27073, 598, 2.00
27084, 615, 1.95
27096, 605, 1.93
27108, 627, 1.90
27119, 620, 1.87
27130, 624, 1.86
27142, 637, 1.85
27153, 615, 1.85
27164, 591, 1.89
27213, 606, 1.91
27232, 592, 1.92
27243, 584, 1.95
27255, 575, 1.97
27267, 551, 2.02
27278, 549, 2.06
27289, 569, 2.05
27300, 576, 2.03
27312, 578, 2.02
27324, 577, 2.01
27335, 571, 2.01
27346, 560, 2.03
27358, 565, 2.04
27369, 566, 2.04
27380, 558, 2.05
27393, 554, 2.07
27404, 538, 2.09
27415, 508, 2.16
27426, 490, 2.24
27438, 475, 2.31
27449, 455, 2.39
27461, 441, 2.49
27472, 434, 2.56
27484, 410, 2.65
27495, 393, 2.76
27506, 370, 2.90
27517, 357, 3.01
27530, 348, 3.13
27541, 342, 3.19
27563, 344, 3.26
27574, 347, 3.28
27585, 325, 3.35
27596, 294, 3.53
27608, 286, 3.71
27619, 271, 3.87
27631, 251, 4.08
27642, 249, 4.27
27654, 228, 4.47
27665, 194, 4.83
27676, 178, 5.29
27687, 168, 5.66
27700, 162, 5.93
27711, 171, 6.06
27722, 184, 5.96
27734, 187, 5.81
27745, 207, 5.58
27756, 229, 5.26
27768, 227, 5.01
27780, 223, 4.94
27791, 244, 4.79
27802, 265, 4.52
27813, 268, 4.35
27825, 280, 4.20
27837, 278, 4.11
27848, 268, 4.11
27859, 268, 4.16
27871, 269, 4.08
27892, 285, 4.05
27904, 287, 3.99
27915, 282, 3.97
27926, 281, 4.01
27937, 294, 3.94
27950, 311, 3.81
27961, 319, 3.71
27972, 323, 3.62
27983, 317, 3.58
27995, 321, 3.56
28006, 332, 3.53
28018, 335, 3.46
28029, 345, 3.38
28041, 368, 3.28
28052, 376, 3.16
28063, 380, 3.09
28076, 405, 2.99
28087, 418, 2.87
28098, 414, 2.82
28109, 409, 2.82
28121, 402, 2.83
28132, 383, 2.88
28144, 378, 2.95
28155, 387, 2.96
28167, 389, 2.95
28178, 400, 2.93
28217, 429, 2.81
28235, 426, 2.75
28257, 430, 2.71
28268, 438, 2.66
28279, 440, 2.64
28292, 450, 2.61
28303, 454, 2.58
28314, 458, 2.54
28325, 464, 2.53
28337, 466, 2.50
28348, 476, 2.46
28360, 495, 2.41
28371, 520, 2.34
28383, 539, 2.24
28394, 567, 2.15
28405, 578, 2.09
28417, 594, 2.02
28429, 621, 1.95
28440, 652, 1.87
28451, 692, 1.78
28463, 677, 1.74
28474, 663, 1.74
28486, 669, 1.73
28497, 660, 1.73
28509, 670, 1.73
28520, 682, 1.72
28531, 676, 1.71
28542, 685, 1.70
28555, 688, 1.70
28566, 667, 1.70
28577, 653, 1.75
28599, 607, 1.80
28610, 595, 1.86
28621, 585, 1.91
28633, 572, 1.96
28644, 584, 1.97
28655, 594, 1.97
28667, 589, 1.96
28679, 579, 1.97
28690, 581, 1.98
28701, 587, 1.97
28712, 572, 1.99
28724, 554, 2.03
28736, 527, 2.09
28747, 507, 2.16
28759, 513, 2.21
28770, 524, 2.21
28781, 539, 2.18
28792, 533, 2.18
28805, 539, 2.17
28816, 516, 2.18
28827, 512, 2.21
28838, 516, 2.23
28850, 498, 2.25
28861, 491, 2.29
28873, 482, 2.34
28884, 459, 2.40
28896, 439, 2.49
28907, 426, 2.58
28929, 413, 2.66
28940, 421, 2.70
28951, 428, 2.69
28962, 434, 2.68
28974, 433, 2.68
28986, 416, 2.71
28997, 379, 2.81
29008, 327, 3.06
29020, 271, 3.43
29031, 204, 4.02
29042, 151, 4.88
29054, 111, 5.96
29066, 74, 7.27
29077, 61, 8.80
29088, 60, 10.06
29100, 41, 11.26
29111, 37, 12.38
29123, 44, 13.10
29134, 57, 12.52
29146, 72, 11.61
29157, 124, 9.88
29168, 162, 7.99
29179, 190, 6.70
29218, 264, 5.03
29238, 271, 4.58
29249, 273, 4.32
29260, 293, 4.10
29272, 302, 3.94
29283, 300, 3.79
29304, 304, 3.77
29316, 298, 3.74
29327, 290, 3.81
29339, 288, 3.87
29350, 291, 3.86
29362, 299, 3.83
29373, 325, 3.71
29384, 343, 3.53
29395, 345, 3.41
29408, 348, 3.36
29419, 341, 3.34
29430, 341, 3.32
29442, 361, 3.26
29453, 384, 3.16
29464, 376, 3.09
29476, 369, 3.09
29488, 370, 3.09
29499, 364, 3.10
29510, 360, 3.14
29521, 369, 3.14
29533, 370, 3.11
29545, 367, 3.11
29556, 380, 3.08
29568, 388, 3.02
29579, 387, 2.99
29590, 390, 2.98
29601, 382, 2.98
29614, 372, 3.00
29663, 386, 2.96
29674, 396, 2.94
29685, 409, 2.88
29697, 418, 2.82
29708, 419, 2.79
29719, 421, 2.76
29731, 407, 2.77
29743, 400, 2.82
29754, 401, 2.84
29765, 401, 2.84
29776, 406, 2.84
29788, 417, 2.82
29800, 420, 2.78
29811, 424, 2.75
29822, 445, 2.69
29834, 444, 2.64
29845, 437, 2.63
29856, 443, 2.63
29869, 441, 2.61
29880, 438, 2.61
29891, 440, 2.61
29902, 444, 2.61
29914, 443, 2.60
29925, 453, 2.58
29937, 463, 2.55
29948, 462, 2.51
29960, 470, 2.49
29971, 484, 2.45
29982, 509, 2.34
30004, 562, 2.22
30016, 595, 2.09
30027, 608, 2.00
30039, 603, 1.96
30050, 589, 1.95
30061, 607, 1.93
30072, 611, 1.92
30085, 608, 1.91
30096, 588, 1.93
30107, 594, 1.94
30118, 604, 1.93
30130, 612, 1.91
30141, 600, 1.92
30153, 590, 1.94
30164, 565, 1.97
30176, 535, 2.05
30187, 513, 2.13
30226, 470, 2.25
30244, 470, 2.34
30257, 491, 2.37
30268, 496, 2.35
30279, 504, 2.32
30290, 505, 2.31
30302, 498, 2.31
30313, 468, 2.36
30325, 464, 2.41
30337, 464, 2.45
30348, 471, 2.44
30369, 480, 2.43
30381, 474, 2.42
30392, 476, 2.43
30403, 493, 2.40
30414, 494, 2.36
30426, 492, 2.35
30438, 500, 2.34
30449, 495, 2.33
30460, 478, 2.36
30472, 463, 2.41
30483, 447, 2.47
30495, 429, 2.55
30507, 403, 2.68
30518, 357, 2.87
30529, 284, 3.24
30540, 214, 3.84
30552, 160, 4.67
30564, 128, 5.58
30575, 118, 6.47
30586, 110, 7.27
30598, 94, 7.93
30609, 89, 8.60
30620, 102, 8.80
30631, 122, 8.34
30644, 143, 7.72
30655, 186, 6.79
30666, 231, 5.75
30678, 259, 4.98
30689, 282, 4.38
30710, 288, 4.13
30722, 310, 3.91
30733, 322, 3.72
30744, 328, 3.59
30756, 344, 3.48
30768, 346, 3.39
30779, 339, 3.36
30790, 337, 3.37
30801, 347, 3.35
30813, 346, 3.31
30825, 349, 3.30
30836, 348, 3.30
30848, 342, 3.29
30859, 340, 3.32
30870, 350, 3.30
30881, 366, 3.22
30894, 376, 3.14
30905, 398, 3.04
30916, 409, 2.93
30927, 408, 2.87
30939, 413, 2.84
30950, 419, 2.80
30962, 412, 2.79
30973, 403, 2.82
30985, 405, 2.82
30996, 390, 2.86
31007, 384, 2.92
31020, 378, 2.97
31040, 371, 3.01
31051, 385, 3.01
31063, 383, 3.00
31075, 390, 2.98
31086, 407, 2.93
31097, 404, 2.87
31109, 395, 2.88
31120, 395, 2.90
31132, 396, 2.89
31143, 402, 2.87
31155, 414, 2.84
31166, 412, 2.82
31177, 409, 2.80
31188, 413, 2.80
31227, 407, 2.80
31247, 399, 2.82
31258, 402, 2.84
31269, 414, 2.82
31281, 417, 2.80
31292, 411, 2.79
31304, 413, 2.80
31315, 411, 2.79
31327, 413, 2.78
31338, 418, 2.78
31349, 408, 2.80
31361, 394, 2.83
31373, 399, 2.86
31384, 409, 2.84
31395, 411, 2.82
31417, 412, 2.81
31428, 406, 2.80
31439, 407, 2.82
31451, 419, 2.80
31462, 417, 2.77
31473, 411, 2.78
31485, 409, 2.80
31497, 407, 2.80
31508, 414, 2.79
31519, 426, 2.76
31531, 419, 2.74
31542, 402, 2.77
31554, 411, 2.80
31565, 417, 2.78
31577, 418, 2.76
31588, 425, 2.75
31599, 416, 2.75
31611, 404, 2.77
31623, 414, 2.79
31634, 421, 2.77
31645, 416, 2.76
31656, 420, 2.75
31668, 443, 2.69
31680, 449, 2.63
31691, 484, 2.53
31703, 505, 2.43
31714, 507, 2.35
31725, 500, 2.32
31747, 488, 2.33
31758, 469, 2.37
31769, 459, 2.43
31780, 444, 2.49
31793, 433, 2.55
31804, 438, 2.60
31815, 450, 2.58
31826, 463, 2.54
31838, 487, 2.48
31849, 496, 2.41
31861, 492, 2.37
31873, 493, 2.36
31884, 506, 2.33
31895, 502, 2.31
31906, 492, 2.32
31918, 492, 2.34
31930, 489, 2.34
31941, 493, 2.34
31952, 511, 2.31
31964, 512, 2.28
31975, 503, 2.28
31986, 505, 2.28
31998, 506, 2.28
32010, 508, 2.27
32021, 514, 2.27
32032, 519, 2.25
32044, 497, 2.27
32055, 499, 2.29
32067, 519, 2.26
32088, 560, 2.19
32099, 573, 2.12
32111, 556, 2.09
32122, 543, 2.10
32134, 538, 2.12
32145, 544, 2.11
32156, 544, 2.12
32167, 532, 2.15
32180, 508, 2.19
32191, 496, 2.24
32230, 484, 2.30
32248, 478, 2.35
32260, 480, 2.37
32272, 472, 2.40
32283, 473, 2.42
32294, 464, 2.44
32306, 470, 2.45
32317, 478, 2.44
32328, 480, 2.42
32340, 457, 2.46
32352, 435, 2.54
32363, 411, 2.64
32374, 372, 2.80
32386, 345, 3.00
32397, 317, 3.23
32409, 285, 3.50
32420, 269, 3.78
32432, 258, 3.99
32453, 247, 4.25
32464, 227, 4.47
32476, 201, 4.77
32487, 205, 5.03
32498, 214, 5.07
32509, 229, 4.96
32522, 247, 4.79
32533, 258, 4.58
32544, 270, 4.35
32556, 285, 4.19
32567, 294, 4.04
32578, 298, 3.90
32590, 305, 3.81
32602, 324, 3.69
32613, 342, 3.52
32624, 351, 3.39
32635, 367, 3.28
32647, 367, 3.20
32659, 361, 3.17
32670, 369, 3.15
32681, 378, 3.09
32693, 377, 3.05
32704, 372, 3.07
32715, 369, 3.09
32728, 372, 3.08
32739, 383, 3.05
32750, 392, 3.00
32761, 389, 2.96
32783, 389, 2.96
32794, 390, 2.93
32805, 395, 2.93
32817, 398, 2.93
32828, 394, 2.90
32840, 395, 2.90
32851, 403, 2.89
32863, 407, 2.85
32874, 405, 2.84
32885, 402, 2.85
32897, 388, 2.88
32909, 376, 2.93
32920, 380, 2.99
32931, 388, 2.98
32943, 384, 2.98
32954, 377, 3.01
32965, 384, 3.00
32977, 374, 3.01
32989, 379, 3.03
33000, 397, 2.98
33011, 405, 2.91
33022, 410, 2.86
33034, 423, 2.80
33046, 425, 2.75
33057, 419, 2.74
33069, 433, 2.71
33080, 429, 2.69
33091, 426, 2.69
33102, 443, 2.64
33124, 447, 2.60
33135, 460, 2.57
33146, 462, 2.53
33159, 467, 2.49
33170, 479, 2.46
33181, 488, 2.42
33192, 496, 2.38
33231, 486, 2.37
33251, 507, 2.34
33262, 522, 2.28
33273, 522, 2.25
33285, 519, 2.24
33296, 517, 2.23
33307, 511, 2.23
33319, 524, 2.23
33331, 528, 2.21
33342, 540, 2.17
33353, 540, 2.16
33364, 532, 2.17
33376, 503, 2.20
33388, 505, 2.24
33399, 538, 2.21
33411, 534, 2.18
33422, 559, 2.14
33433, 556, 2.11
33444, 558, 2.09
33457, 536, 2.11
33468, 526, 2.15
33488, 510, 2.18
33501, 514, 2.22
33512, 533, 2.20
33523, 533, 2.18
33534, 540, 2.17
33546, 539, 2.15
33557, 517, 2.18
33569, 512, 2.21
33581, 520, 2.22
33592, 520, 2.21
33603, 529, 2.20
33614, 537, 2.18
33626, 529, 2.18
33638, 527, 2.18
33649, 535, 2.17
33660, 525, 2.17
33672, 524, 2.19
33683, 512, 2.22
33694, 494, 2.26
33707, 456, 2.36
33718, 428, 2.49
33729, 402, 2.63
33740, 378, 2.78
33752, 367, 2.93
33763, 367, 3.01
33775, 355, 3.09
33786, 322, 3.27
33798, 297, 3.48
33809, 260, 3.83
33830, 214, 4.30
33842, 187, 4.79
33853, 180, 5.26
33864, 193, 5.44
33875, 196, 5.44
33888, 202, 5.44
33899, 221, 5.26
33910, 223, 5.05
33922, 215, 5.03
33933, 224, 4.98
33944, 239, 4.81
33956, 244, 4.67
33968, 253, 4.58
33979, 252, 4.47
33990, 266, 4.35
34001, 293, 4.14
34013, 319, 3.87
34025, 332, 3.66
34036, 330, 3.56
34048, 330, 3.51
34059, 324, 3.49
34070, 327, 3.49
34081, 333, 3.47
34094, 333, 3.42
34105, 337, 3.41
34116, 348, 3.36
34127, 363, 3.26
34139, 366, 3.20
34160, 378, 3.10
34171, 383, 3.04
34183, 404, 2.96
34195, 420, 2.86
34233, 426, 2.76
34252, 416, 2.75
34264, 411, 2.77
34275, 398, 2.80
34286, 400, 2.84
34298, 410, 2.84
34310, 414, 2.80
34321, 427, 2.76
34332, 431, 2.73
34343, 421, 2.72
34355, 401, 2.77
34367, 402, 2.82
34378, 403, 2.82
34390, 399, 2.84
34401, 395, 2.88
34412, 389, 2.91
34423, 380, 2.94
34436, 384, 2.97
34447, 391, 2.96
34458, 391, 2.95
34469, 397, 2.93
34481, 406, 2.90
34492, 408, 2.84
34504, 424, 2.79
34515, 461, 2.65
34536, 472, 2.56
34548, 480, 2.49
34560, 485, 2.43
34571, 492, 2.39
34582, 516, 2.33
34593, 533, 2.25
34605, 535, 2.20
34617, 550, 2.16
34628, 561, 2.11
34639, 636, 1.98
34651, 650, 1.89
34662, 658, 1.83
34674, 634, 1.81
34685, 630, 1.82
34697, 642, 1.81
34708, 625, 1.82
34719, 651, 1.81
34731, 666, 1.78
34743, 666, 1.75
34754, 675, 1.74
34765, 681, 1.72
34777, 704, 1.69
34788, 793, 1.59
34799, 814, 1.51
34811, 783, 1.49
34823, 714, 1.53
34834, 660, 1.61
34845, 635, 1.69
34867, 561, 1.83
34878, 516, 1.98
34889, 500, 2.11
34900, 485, 2.23
34912, 463, 2.34
34924, 434, 2.46
34935, 421, 2.58
34947, 400, 2.70
34958, 361, 2.87
34969, 315, 3.15
34980, 258, 3.58
34993, 179, 4.25
35004, 115, 5.34
35015, 62, 6.95
35026, 28, 9.08
35038, 0, 12.38
35049, 0, 16.09
35060, 0, 18.77
35073, 0, 20.48
35084, 0, 22.09
35095, 0, 22.09
35106, 0, 21.25
35118, 58, 16.56
35129, 139, 10.94
35140, 188, 7.82
35152, 228, 6.19
35164, 274, 5.05
35175, 300, 4.37
35186, 314, 3.84
35234, 379, 3.36
35254, 375, 3.20
35265, 391, 3.08
35276, 405, 2.96
35288, 400, 2.91
35300, 401, 2.90
35311, 403, 2.87
35322, 401, 2.85
35334, 408, 2.85
35345, 418, 2.82
35357, 411, 2.80
35368, 404, 2.82
35380, 408, 2.82
35391, 410, 2.81
35402, 417, 2.79
35414, 420, 2.77
35426, 408, 2.78
35437, 401, 2.81
35448, 415, 2.81
35460, 423, 2.77
35471, 416, 2.75
35482, 416, 2.77
35494, 412, 2.77
35506, 409, 2.77
35517, 414, 2.79
35528, 423, 2.77
35539, 418, 2.75
35551, 412, 2.77
35572, 408, 2.77
35584, 413, 2.78
35595, 425, 2.75
35607, 417, 2.74
35618, 408, 2.77
35630, 411, 2.79
35641, 416, 2.77
35652, 419, 2.76
35663, 419, 2.76
35676, 412, 2.76
35687, 407, 2.78
35698, 420, 2.77
35709, 423, 2.75
35721, 412, 2.75
35732, 415, 2.77
35744, 415, 2.77
35756, 413, 2.76
35767, 416, 2.77
35778, 421, 2.75
35789, 416, 2.75
35801, 410, 2.77
35813, 414, 2.79
35824, 416, 2.77
35835, 419, 2.76
35847, 418, 2.76
35858, 413, 2.75
35869, 411, 2.77
35881, 417, 2.77
35893, 420, 2.75
35913, 418, 2.76
35926, 416, 2.75
35937, 410, 2.77
35948, 418, 2.77
35959, 417, 2.75
35971, 417, 2.75
35983, 419, 2.76
35994, 413, 2.76
36005, 411, 2.76
36017, 418, 2.76
36028, 424, 2.74
36039, 408, 2.76
36051, 409, 2.78
36063, 424, 2.76
36074, 419, 2.74
36085, 413, 2.76
36097, 415, 2.77
36108, 413, 2.77
36120, 413, 2.77
36131, 424, 2.76
36143, 419, 2.75
36154, 412, 2.75
36165, 418, 2.76
36176, 414, 2.76
36189, 411, 2.76
36200, 422, 2.76
36238, 416, 2.75
36257, 425, 2.73
36279, 415, 2.74
36290, 408, 2.76
36301, 410, 2.78
36313, 420, 2.77
36325, 423, 2.75
36336, 417, 2.75
36347, 413, 2.77
36359, 411, 2.77
36370, 414, 2.77
36381, 424, 2.76
36393, 423, 2.74
36405, 409, 2.75
36416, 410, 2.78
36427, 419, 2.77
36439, 419, 2.75
36450, 421, 2.75
36462, 418, 2.76
36473, 407, 2.77
36485, 407, 2.80
36496, 421, 2.78
36507, 423, 2.75
36518, 414, 2.75
36531, 418, 2.75
36542, 411, 2.77
36553, 405, 2.79
36564, 423, 2.77
36576, 430, 2.73
36587, 416, 2.73
36599, 409, 2.76
36620, 413, 2.76
36631, 426, 2.75
36643, 427, 2.73
36655, 412, 2.74
36666, 402, 2.79
36677, 417, 2.78
36688, 422, 2.75
36700, 420, 2.75
36712, 420, 2.75
36723, 409, 2.76
36734, 406, 2.80
36746, 420, 2.78
36757, 424, 2.75
36768, 415, 2.75
36781, 417, 2.76
36792, 413, 2.77
36803, 412, 2.77
36814, 421, 2.77
36826, 422, 2.75
36838, 416, 2.74
36849, 412, 2.76
36860, 418, 2.76
36872, 413, 2.76
36883, 417, 2.77
36894, 421, 2.76
36907, 414, 2.75
36918, 412, 2.77
36929, 418, 2.77
36951, 415, 2.77
36962, 416, 2.77
36973, 415, 2.75
36984, 410, 2.77
36996, 417, 2.77
37007, 424, 2.74
37019, 415, 2.75
37030, 414, 2.77
37042, 413, 2.77
37053, 415, 2.76
37064, 425, 2.75
37075, 424, 2.73
37088, 412, 2.74
37099, 410, 2.77
37110, 418, 2.77
37122, 416, 2.75
37133, 420, 2.75
37144, 418, 2.75
37156, 411, 2.75
37168, 412, 2.77
37179, 416, 2.78
37190, 422, 2.75
37201, 417, 2.75
